,순번,출발,도착,거리,출발_Latitude,출발_Longitude,도착_Latitude,도착_Longitude,중심_Latitude,중심_Longitude,중심점
0,81,인제군_하수처리시설_인제북면,인제군_음식물류폐기물처리시설_음식물처리시설,2999.322,38.1123368,128.1992198,38.1379283,128.2115455,38.125132550000004,128.20538265,인제군_하수처리시설_인제북면&인제군_음식물류폐기물처리시설_음식물처리시설의 중심
1,88,인제군_하수처리시설_인제서화,인제군_음식물류폐기물처리시설_음식물처리시설,12936.264000000005,38.2164027,128.2035681,38.1379283,128.2115455,38.1771655,128.20755680000002,인제군_하수처리시설_인제서화&인제군_음식물류폐기물처리시설_음식물처리시설의 중심
2,76,인제군_하수처리시설_인제,인제군_음식물류폐기물처리시설_음식물처리시설,16032.932999999995,38.0771327,128.1436063,38.1379283,128.2115455,38.107530499999996,128.1775759,인제군_하수처리시설_인제&인제군_음식물류폐기물처리시설_음식물처리시설의 중심
3,90,인제군_하수처리시설_인제용대관광지,인제군_음식물류폐기물처리시설_음식물처리시설,17360.538,38.1886627,128.3651816,38.1379283,128.2115455,38.163295500000004,128.28836354999999,인제군_하수처리시설_인제용대관광지&인제군_음식물류폐기물처리시설_음식물처리시설의 중심
4,91,인제군_하수처리시설_인제남면,인제군_음식물류폐기물처리시설_음식물처리시설,23218.423000000003,37.9734036,128.0830399,38.1379283,128.2115455,38.05566595,128.14729269999998,인제군_하수처리시설_인제남면&인제군_음식물류폐기물처리시설_음식물처리시설의 중심
5,25,양구군_하수처리시설_남면,인제군_음식물류폐기물처리시설_음식물처리시설,23971.664999999997,38.1057417,128.0274606,38.1379283,128.2115455,38.121835000000004,128.11950305,양구군_하수처리시설_남면&인제군_음식물류폐기물처리시설_음식물처리시설의 중심
6,70,양구군_하수처리시설_적리,인제군_음식물류폐기물처리시설_음식물처리시설,24145.718999999997,38.1529095,128.0449968,38.1379283,128.2115455,38.145418899999996,128.12827115,양구군_하수처리시설_적리&인제군_음식물류폐기물처리시설_음식물처리시설의 중심
7,46,양구군_하수처리시설_죽곡,인제군_음식물류폐기물처리시설_음식물처리시설,26107.667999999994,38.1355147,128.0045549,38.1379283,128.2115455,38.1367215,128.10805019999998,양구군_하수처리시설_죽곡&인제군_음식물류폐기물처리시설_음식물처리시설의 중심
8,36,양구군_하수처리시설_동면,인제군_음식물류폐기물처리시설_음식물처리시설,26930.357999999997,38.1763323,128.0344026,38.1379283,128.2115455,38.1571303,128.12297404999998,양구군_하수처리시설_동면&인제군_음식물류폐기물처리시설_음식물처리시설의 중심
9,13,양구군_하수처리시설_양구,인제군_음식물류폐기물처리시설_음식물처리시설,27002.584999999992,38.1261522,127.9925672,38.1379283,128.2115455,38.13204025,128.10205635,양구군_하수처리시설_양구&인제군_음식물류폐기물처리시설_음식물처리시설의 중심
10,63,양구군_하수처리시설_구암,인제군_음식물류폐기물처리시설_음식물처리시설,28401.77699999999,38.0827752,128.0048016,38.1379283,128.2115455,38.11035175,128.10817355,양구군_하수처리시설_구암&인제군_음식물류폐기물처리시설_음식물처리시설의 중심
11,85,인제군_하수처리시설_인제기린,인제군_음식물류폐기물처리시설_음식물처리시설,34137.88700000001,37.9657198,128.3231214,38.1379283,128.2115455,38.05182405,128.26733345,인제군_하수처리시설_인제기린&인제군_음식물류폐기물처리시설_음식물처리시설의 중심
12,55,양구군_하수처리시설_송현,인제군_음식물류폐기물처리시설_음식물처리시설,37775.973000000005,38.2241452,127.9700385,38.1379283,128.2115455,38.181036750000004,128.090792,양구군_하수처리시설_송현&인제군_음식물류폐기물처리시설_음식물처리시설의 중심
