Unnamed: 0,순번,출발,도착,거리,출발_Latitude,출발_Longitude,도착_Latitude,도착_Longitude,중심_Latitude,중심_Longitude,중심점,farm_count,fire_count,score,disance_weight,all_weight
0,10,원주시_하수처리시설_원주,원주시_가축분뇨처리시설_원주,2388.341,37.3907759,127.9387171,37.3867893,127.9399831,37.3887826,127.9393501,원주시_하수처리시설_원주&원주시_가축분뇨처리시설_원주의 중심,190,5,0.11680237066578045,33.52142721663283,33.63822958729861
1,100,원주시_하수찌꺼기처리시설_원주시 하수슬러지 처리시설,원주시_가축분뇨처리시설_원주,2388.341,37.3907759,127.9387171,37.3867893,127.9399831,37.3887826,127.9393501,원주시_하수찌꺼기처리시설_원주시 하수슬러지 처리시설&원주시_가축분뇨처리시설_원주의 중심,190,5,0.11680237066578045,33.52142721663283,33.63822958729861
2,73,횡성군_하수처리시설_횡성,횡성군_음식물류폐기물처리시설_횡성군 음식물 처리시설,3164.498,37.4869691,127.9713388,37.509564,127.9709321,37.49826655,127.97113545,횡성군_하수처리시설_횡성&횡성군_음식물류폐기물처리시설_횡성군 음식물 처리시설의 중심,565,2,0.16860529522543483,25.299620666532277,25.468225961757714
3,11,원주시_하수처리시설_원주기업도시,원주시_음식물류폐기물처리시설_강원바이오에너지㈜,4687.3,37.3675803,127.8699086,37.3862347,127.9012709,37.3769075,127.88558975,원주시_하수처리시설_원주기업도시&원주시_음식물류폐기물처리시설_강원바이오에너지㈜의 중심,134,6,0.11673313393153871,17.080323213790468,17.197056347722008
4,38,원주시_하수처리시설_흥업,원주시_음식물류폐기물처리시설_강원바이오에너지㈜,7568.210000000002,37.343261,127.876826,37.3862347,127.9012709,37.36474785,127.88904845,원주시_하수처리시설_흥업&원주시_음식물류폐기물처리시설_강원바이오에너지㈜의 중심,135,7,0.1308712750636978,10.578538254091791,10.709409529155488
5,101,원주시_음식물류폐기물처리시설_강원바이오에너지㈜,원주시_가축분뇨처리시설_원주,8887.211,37.3862347,127.9012709,37.3867893,127.9399831,37.386512,127.920627,원주시_음식물류폐기물처리시설_강원바이오에너지㈜&원주시_가축분뇨처리시설_원주의 중심,175,5,0.1130635870167276,9.00851785785215,9.121581444868877
6,39,원주시_하수처리시설_흥업,원주시_가축분뇨처리시설_원주,9124.029,37.343261,127.876826,37.3867893,127.9399831,37.36502515,127.90840455,원주시_하수처리시설_흥업&원주시_가축분뇨처리시설_원주의 중심,144,6,0.11922565636424061,8.77469799800067,8.893923654364912
7,12,원주시_하수처리시설_원주,원주시_음식물류폐기물처리시설_강원바이오에너지㈜,9598.445000000002,37.3907759,127.9387171,37.3862347,127.9012709,37.388505300000006,127.919994,원주시_하수처리시설_원주&원주시_음식물류폐기물처리시설_강원바이오에너지㈜의 중심,180,5,0.11430984823307855,8.340996796876999,8.455306645110078
8,102,원주시_하수찌꺼기처리시설_원주시 하수슬러지 처리시설,원주시_음식물류폐기물처리시설_강원바이오에너지㈜,9598.445000000002,37.3907759,127.9387171,37.3862347,127.9012709,37.388505300000006,127.919994,원주시_하수찌꺼기처리시설_원주시 하수슬러지 처리시설&원주시_음식물류폐기물처리시설_강원바이오에너지㈜의 중심,180,5,0.11430984823307855,8.340996796876999,8.455306645110078
9,13,원주시_하수처리시설_원주기업도시,원주시_가축분뇨처리시설_원주,10074.202,37.3675803,127.8699086,37.3867893,127.9399831,37.3771848,127.90494585,원주시_하수처리시설_원주기업도시&원주시_가축분뇨처리시설_원주의 중심,156,6,0.12221668328348288,7.947090896132524,8.069307579416007
10,40,원주시_하수처리시설_흥업,원주시_하수찌꺼기처리시설_원주시 하수슬러지 처리시설,10378.483,37.343261,127.876826,37.3907759,127.9387171,37.36701845,127.90777155,원주시_하수처리시설_흥업&원주시_하수찌꺼기처리시설_원주시 하수슬러지 처리시설의 중심,148,6,0.12022266533732137,7.714094535781391,7.834317201118712
11,103,원주시_음식물류폐기물처리시설_샘골축산,원주시_가축분뇨처리시설_원주,10479.230999999998,37.461992,127.9313375,37.3867893,127.9399831,37.42439065,127.9356603,원주시_음식물류폐기물처리시설_샘골축산&원주시_가축분뇨처리시설_원주의 중심,271,4,0.12310291348177689,7.639930735375533,7.763033648857309
12,14,원주시_하수처리시설_원주기업도시,원주시_하수찌꺼기처리시설_원주시 하수슬러지 처리시설,10759.199,37.3675803,127.8699086,37.3907759,127.9387171,37.3791781,127.90431285,원주시_하수처리시설_원주기업도시&원주시_하수찌꺼기처리시설_원주시 하수슬러지 처리시설의 중심,157,6,0.12246593552675307,7.441130050666416,7.563595986193169
13,15,원주시_하수처리시설_원주,원주시_음식물류폐기물처리시설_샘골축산,11108.448000000002,37.3907759,127.9387171,37.461992,127.9313375,37.42638395,127.9350273,원주시_하수처리시설_원주&원주시_음식물류폐기물처리시설_샘골축산의 중심,273,4,0.12360141796831726,7.207181327220512,7.33078274518883
14,104,원주시_하수찌꺼기처리시설_원주시 하수슬러지 처리시설,원주시_음식물류폐기물처리시설_샘골축산,11108.448000000002,37.3907759,127.9387171,37.461992,127.9313375,37.42638395,127.9350273,원주시_하수찌꺼기처리시설_원주시 하수슬러지 처리시설&원주시_음식물류폐기물처리시설_샘골축산의 중심,273,4,0.12360141796831726,7.207181327220512,7.33078274518883
15,74,횡성군_하수처리시설_횡성,원주시_음식물류폐기물처리시설_샘골축산,11175.328000000003,37.4869691,127.9713388,37.461992,127.9313375,37.47448055,127.95133815,횡성군_하수처리시설_횡성&원주시_음식물류폐기물처리시설_샘골축산의 중심,484,3,0.16230475240943834,7.1640491446873,7.326353897096738
16,105,횡성군_하수처리시설_우항,횡성군_음식물류폐기물처리시설_횡성군 음식물 처리시설,11995.443,37.4612001,128.0654854,37.509564,127.9709321,37.48538205,128.01820875,횡성군_하수처리시설_우항&횡성군_음식물류폐기물처리시설_횡성군 음식물 처리시설의 중심,536,3,0.17526586905948818,6.674251130200032,6.84951699925952
17,75,횡성군_하수처리시설_횡성,원주시_하수찌꺼기처리시설_원주시 하수슬러지 처리시설,13794.617,37.4869691,127.9713388,37.3907759,127.9387171,37.4388725,127.95502795,횡성군_하수처리시설_횡성&원주시_하수찌꺼기처리시설_원주시 하수슬러지 처리시설의 중심,362,5,0.15967375650825302,5.80375656678254,5.963430323290793
18,76,횡성군_하수처리시설_횡성,원주시_가축분뇨처리시설_원주,14197.739,37.4869691,127.9713388,37.3867893,127.9399831,37.4368792,127.95566095,횡성군_하수처리시설_횡성&원주시_가축분뇨처리시설_원주의 중심,351,5,0.15693198183228094,5.638968218812873,5.795900200645153
19,78,홍천군_하수처리시설_양덕원,홍천군_가축분뇨처리시설_홍천2,15153.371,37.6218958,127.7636366,37.7071321,127.8371518,37.66451395,127.8003942,홍천군_하수처리시설_양덕원&홍천군_가축분뇨처리시설_홍천2의 중심,128,2,0.05968206491636202,5.283352397298269,5.34303446221463
20,77,홍천군_하수처리시설_양덕원,홍천군_가축분뇨처리시설_홍천1,15153.371,37.6218958,127.7636366,37.7071321,127.8371518,37.66451395,127.8003942,홍천군_하수처리시설_양덕원&홍천군_가축분뇨처리시설_홍천1의 중심,128,2,0.05968206491636202,5.283352397298269,5.34303446221463
22,16,원주시_하수처리시설_원주,횡성군_음식물류폐기물처리시설_횡성군 음식물 처리시설,16161.56,37.3907759,127.9387171,37.509564,127.9709321,37.45016995,127.9548246,원주시_하수처리시설_원주&횡성군_음식물류폐기물처리시설_횡성군 음식물 처리시설의 중심,409,4,0.15749972305306303,4.953766777464556,5.111266500517619
21,106,원주시_하수찌꺼기처리시설_원주시 하수슬러지 처리시설,횡성군_음식물류폐기물처리시설_횡성군 음식물 처리시설,16161.56,37.3907759,127.9387171,37.509564,127.9709321,37.45016995,127.9548246,원주시_하수찌꺼기처리시설_원주시 하수슬러지 처리시설&횡성군_음식물류폐기물처리시설_횡성군 음식물 처리시설의 중심,409,4,0.15749972305306303,4.953766777464556,5.111266500517619
23,27,원주시_하수처리시설_원주기업도시,원주시_음식물류폐기물처리시설_샘골축산,16392.158,37.3675803,127.8699086,37.461992,127.9313375,37.41478615,127.90062305,원주시_하수처리시설_원주기업도시&원주시_음식물류폐기물처리시설_샘골축산의 중심,233,3,0.0997424393486208,4.884079265219385,4.9838217045680056
24,79,횡성군_하수처리시설_횡성,횡성군_가축분뇨처리시설_횡성,16902.41900000001,37.4869691,127.9713388,37.4911904,127.9088429,37.48907975,127.94009085,횡성군_하수처리시설_횡성&횡성군_가축분뇨처리시설_횡성의 중심,513,3,0.16953306746427382,4.736635566778934,4.906168634243207
25,80,횡성군_하수처리시설_우항,원주시_하수찌꺼기처리시설_원주시 하수슬러지 처리시설,17609.516000000007,37.4612001,128.0654854,37.3907759,127.9387171,37.425988,128.00210125,횡성군_하수처리시설_우항&원주시_하수찌꺼기처리시설_원주시 하수슬러지 처리시설의 중심,347,5,0.15593497285920016,4.546439493283065,4.702374466142266
26,107,횡성군_하수처리시설_우항,원주시_가축분뇨처리시설_원주,17773.263,37.4612001,128.0654854,37.3867893,127.9399831,37.4239947,128.00273425,횡성군_하수처리시설_우항&원주시_가축분뇨처리시설_원주의 중심,344,5,0.15518721612938963,4.5045526530497,4.65973986917909
27,41,원주시_하수처리시설_흥업,원주시_음식물류폐기물처리시설_샘골축산,18455.224,37.343261,127.876826,37.461992,127.9313375,37.4026265,127.90408175,원주시_하수처리시설_흥업&원주시_음식물류폐기물처리시설_샘골축산의 중심,207,5,0.12103965880137366,4.338099553817394,4.459139212618768
28,42,원주시_하수처리시설_문막,원주시_음식물류폐기물처리시설_강원바이오에너지㈜,19571.090000000004,37.2738186,127.7900753,37.3862347,127.9012709,37.33002665,127.8456731,원주시_하수처리시설_문막&원주시_음식물류폐기물처리시설_강원바이오에너지㈜의 중심,130,5,0.10184723606956908,4.090758307278748,4.192605543348318
29,108,횡성군_하수처리시설_우항,원주시_음식물류폐기물처리시설_샘골축산,20006.273,37.4612001,128.0654854,37.461992,127.9313375,37.46159605,127.99841145,횡성군_하수처리시설_우항&원주시_음식물류폐기물처리시설_샘골축산의 중심,482,4,0.17569513681178686,4.0017747933360726,4.1774699301478595
30,43,원주시_하수처리시설_문막,원주시_가축분뇨처리시설_원주,21126.909,37.2738186,127.7900753,37.3867893,127.9399831,37.33030395,127.8650292,원주시_하수처리시설_문막&원주시_가축분뇨처리시설_원주의 중심,121,6,0.11349285476902625,3.7895083942473584,3.9030012490163846
31,81,횡성군_하수처리시설_횡성,원주시_음식물류폐기물처리시설_강원바이오에너지㈜,21320.847,37.4869691,127.9713388,37.3862347,127.9012709,37.4366019,127.93630485,횡성군_하수처리시설_횡성&원주시_음식물류폐기물처리시설_강원바이오에너지㈜의 중심,297,5,0.1434723606956907,3.7550383903603857,3.8985107510560764
32,44,원주시_하수처리시설_문막,원주시_하수찌꺼기처리시설_원주시 하수슬러지 처리시설,22381.363,37.2738186,127.7900753,37.3907759,127.9387171,37.33229725,127.8643962,원주시_하수처리시설_문막&원주시_하수찌꺼기처리시설_원주시 하수슬러지 처리시설의 중심,120,6,0.11324360252575606,3.5771100714465,3.690353673972256
35,29,원주시_하수처리시설_원주기업도시,횡성군_음식물류폐기물처리시설_횡성군 음식물 처리시설,22574.578,37.3675803,127.8699086,37.509564,127.9709321,37.43857215,127.92042035,원주시_하수처리시설_원주기업도시&횡성군_음식물류폐기물처리시설_횡성군 음식물 처리시설의 중심,273,5,0.13749030685720615,3.5464937151870592,3.6839840220442652
34,28,원주시_하수처리시설_원주기업도시,횡성군_가축분뇨처리시설_횡성,22515.532999999992,37.3675803,127.8699086,37.4911904,127.9088429,37.42938535,127.88937575,원주시_하수처리시설_원주기업도시&횡성군_가축분뇨처리시설_횡성의 중심,217,4,0.10964329234518666,3.5557940822453586,3.665437374590545
33,109,원주시_음식물류폐기물처리시설_강원바이오에너지㈜,횡성군_가축분뇨처리시설_횡성,22514.303,37.3862347,127.9012709,37.4911904,127.9088429,37.438712550000005,127.9050569,원주시_음식물류폐기물처리시설_강원바이오에너지㈜&횡성군_가축분뇨처리시설_횡성의 중심,246,3,0.10298271851113326,3.5559883421663137,3.658971060677447
36,45,원주시_하수처리시설_흥업,횡성군_음식물류폐기물처리시설_횡성군 음식물 처리시설,24594.88500000001,37.343261,127.876826,37.509564,127.9709321,37.4264125,127.92387905,원주시_하수처리시설_흥업&횡성군_음식물류폐기물처리시설_횡성군 음식물 처리시설의 중심,252,4,0.1183671208596433,3.255172732053841,3.3735398529134843
37,82,횡성군_하수처리시설_우항,원주시_음식물류폐기물처리시설_강원바이오에너지㈜,24960.82299999999,37.4612001,128.0654854,37.3862347,127.9012709,37.4237174,127.98337815,횡성군_하수처리시설_우항&원주시_음식물류폐기물처리시설_강원바이오에너지㈜의 중심,326,5,0.1507006757505262,3.207450291202341,3.3581509669528673
39,111,횡성군_하수처리시설_우항,횡성군_가축분뇨처리시설_횡성,25733.364,37.4612001,128.0654854,37.4911904,127.9088429,37.47619525,127.98716415,횡성군_하수처리시설_우항&횡성군_가축분뇨처리시설_횡성의 중심,530,4,0.18765924448875596,3.111159465975768,3.298818710464524
38,110,원주시_음식물류폐기물처리시설_샘골축산,횡성군_가축분뇨처리시설_횡성,25469.587,37.461992,127.9313375,37.4911904,127.9088429,37.4765912,127.9200902,원주시_음식물류폐기물처리시설_샘골축산&횡성군_가축분뇨처리시설_횡성의 중심,365,3,0.1326437354602858,3.1433803382834618,3.2760240737437476
40,17,원주시_하수처리시설_원주,횡성군_가축분뇨처리시설_횡성,26331.327,37.3907759,127.9387171,37.4911904,127.9088429,37.44098315,127.92378,원주시_하수처리시설_원주&횡성군_가축분뇨처리시설_횡성의 중심,293,5,0.14247535172260994,3.040507567279084,3.182982919001694
41,112,원주시_하수찌꺼기처리시설_원주시 하수슬러지 처리시설,횡성군_가축분뇨처리시설_횡성,26331.327,37.3907759,127.9387171,37.4911904,127.9088429,37.44098315,127.92378,원주시_하수찌꺼기처리시설_원주시 하수슬러지 처리시설&횡성군_가축분뇨처리시설_횡성의 중심,293,5,0.14247535172260994,3.040507567279084,3.182982919001694
42,46,원주시_하수처리시설_흥업,횡성군_가축분뇨처리시설_횡성,26374.555,37.343261,127.876826,37.4911904,127.9088429,37.4172257,127.89283445,원주시_하수처리시설_흥업&횡성군_가축분뇨처리시설_횡성의 중심,224,3,0.0974991691591891,3.035524163346076,3.1330233325052648
43,83,횡성군_하수처리시설_둔내,횡성군_음식물류폐기물처리시설_횡성군 음식물 처리시설,28607.299000000006,37.5075902,128.2132248,37.509564,127.9709321,37.5085771,128.09207845,횡성군_하수처리시설_둔내&횡성군_음식물류폐기물처리시설_횡성군 음식물 처리시설의 중심,418,1,0.11807632657582806,2.7986074113463157,2.9166837379221437
46,84,홍천군_하수처리시설_양덕원,횡성군_음식물류폐기물처리시설_횡성군 음식물 처리시설,29837.399000000005,37.6218958,127.7636366,37.509564,127.9709321,37.5657299,127.86728435,홍천군_하수처리시설_양덕원&횡성군_음식물류폐기물처리시설_횡성군 음식물 처리시설의 중심,268,2,0.09457737897418854,2.683229828444498,2.777807207418687
45,47,홍천군_하수처리시설_홍천,홍천군_가축분뇨처리시설_홍천1,29526.188,37.7062005,127.8354696,37.7071321,127.8371518,37.7066663,127.8363107,홍천군_하수처리시설_홍천&홍천군_가축분뇨처리시설_홍천1의 중심,172,1,0.05676027473136147,2.7115115232619957,2.768271797993357
44,65,홍천군_하수처리시설_홍천,홍천군_가축분뇨처리시설_홍천2,29526.188,37.7062005,127.8354696,37.7071321,127.8371518,37.7066663,127.8363107,홍천군_하수처리시설_홍천&홍천군_가축분뇨처리시설_홍천2의 중심,172,1,0.05676027473136147,2.7115115232619957,2.768271797993357
47,48,원주시_하수처리시설_문막,원주시_음식물류폐기물처리시설_샘골축산,30458.104,37.2738186,127.7900753,37.461992,127.9313375,37.3679053,127.8607064,원주시_하수처리시설_문막&원주시_음식물류폐기물처리시설_샘골축산의 중심,106,7,0.1236429600088623,2.6285483495624042,2.7521913095712667
48,114,횡성군_음식물류폐기물처리시설_횡성군 음식물 처리시설,홍천군_가축분뇨처리시설_홍천2,31709.699,37.509564,127.9709321,37.7071321,127.8371518,37.60834805,127.90404195,횡성군_음식물류폐기물처리시설_횡성군 음식물 처리시설&홍천군_가축분뇨처리시설_홍천2의 중심,321,2,0.10778774786750858,2.5247984536214,2.6325862014889085
49,113,횡성군_음식물류폐기물처리시설_횡성군 음식물 처리시설,홍천군_가축분뇨처리시설_홍천1,31709.699,37.509564,127.9709321,37.7071321,127.8371518,37.60834805,127.90404195,횡성군_음식물류폐기물처리시설_횡성군 음식물 처리시설&홍천군_가축분뇨처리시설_홍천1의 중심,321,2,0.10778774786750858,2.5247984536214,2.6325862014889085
50,85,횡성군_하수처리시설_횡성,홍천군_가축분뇨처리시설_홍천1,33237.78300000001,37.4869691,127.9713388,37.7071321,127.8371518,37.5970506,127.9042453,횡성군_하수처리시설_횡성&홍천군_가축분뇨처리시설_홍천1의 중심,316,2,0.10654148665115763,2.4087225974127104,2.515264084063868
51,86,횡성군_하수처리시설_횡성,홍천군_가축분뇨처리시설_홍천2,33237.78300000001,37.4869691,127.9713388,37.7071321,127.8371518,37.5970506,127.9042453,횡성군_하수처리시설_횡성&홍천군_가축분뇨처리시설_홍천2의 중심,316,2,0.10654148665115763,2.4087225974127104,2.515264084063868
52,87,횡성군_하수처리시설_둔내,원주시_하수찌꺼기처리시설_원주시 하수슬러지 처리시설,34617.56099999999,37.5075902,128.2132248,37.3907759,127.9387171,37.44918305,128.07597095,횡성군_하수처리시설_둔내&원주시_하수찌꺼기처리시설_원주시 하수슬러지 처리시설의 중심,351,2,0.11526531516561427,2.312716340703497,2.4279816558691114
53,88,횡성군_하수처리시설_둔내,원주시_가축분뇨처리시설_원주,34781.308000000005,37.5075902,128.2132248,37.3867893,127.9399831,37.44718975,128.07660395,횡성군_하수처리시설_둔내&원주시_가축분뇨처리시설_원주의 중심,349,1,0.10087792179018501,2.3018282981192097,2.402706219909395
54,89,홍천군_하수처리시설_양덕원,횡성군_가축분뇨처리시설_횡성,35050.16099999999,37.6218958,127.7636366,37.4911904,127.9088429,37.5565431,127.83623975,홍천군_하수처리시설_양덕원&횡성군_가축분뇨처리시설_횡성의 중심,205,1,0.06498559875927773,2.2841720755576578,2.3491576743169356
55,49,원주시_하수처리시설_문막,횡성군_음식물류폐기물처리시설_횡성군 음식물 처리시설,35690.639,37.2738186,127.7900753,37.509564,127.9709321,37.3916913,127.8805037,원주시_하수처리시설_문막&횡성군_음식물류폐기물처리시설_횡성군 음식물 처리시설의 중심,133,5,0.10259499279937964,2.2431820007481527,2.345776993547532
56,90,횡성군_하수처리시설_둔내,원주시_음식물류폐기물처리시설_샘골축산,36618.12899999998,37.5075902,128.2132248,37.461992,127.9313375,37.4847911,128.07228115,횡성군_하수처리시설_둔내&원주시_음식물류폐기물처리시설_샘골축산의 중심,437,2,0.13670100808685054,2.1863650925474674,2.323066100634318
57,50,원주시_하수처리시설_문막,횡성군_가축분뇨처리시설_횡성,37232.64899999997,37.2738186,127.7900753,37.4911904,127.9088429,37.3825045,127.8494591,원주시_하수처리시설_문막&횡성군_가축분뇨처리시설_횡성의 중심,108,4,0.08247479782873601,2.1502794227722055,2.2327542206009414
58,91,홍천군_하수처리시설_양덕원,원주시_음식물류폐기물처리시설_샘골축산,39407.024,37.6218958,127.7636366,37.461992,127.9313375,37.5419439,127.84748705,홍천군_하수처리시설_양덕원&원주시_음식물류폐기물처리시설_샘골축산의 중심,223,2,0.08336102802703002,2.0316327109603622,2.1149937389873923
59,116,횡성군_하수처리시설_우항,홍천군_가축분뇨처리시설_홍천2,40895.022,37.4612001,128.0654854,37.7071321,127.8371518,37.5841661,127.9513186,횡성군_하수처리시설_우항&홍천군_가축분뇨처리시설_홍천2의 중심,393,1,0.11184502049407333,1.9577101340109333,2.069555154505007
60,115,횡성군_하수처리시설_우항,홍천군_가축분뇨처리시설_홍천1,40895.022,37.4612001,128.0654854,37.7071321,127.8371518,37.5841661,127.9513186,횡성군_하수처리시설_우항&홍천군_가축분뇨처리시설_홍천1의 중심,393,1,0.11184502049407333,1.9577101340109333,2.069555154505007
64,93,횡성군_하수처리시설_둔내,횡성군_가축분뇨처리시설_횡성,42345.22000000001,37.5075902,128.2132248,37.4911904,127.9088429,37.4993903,128.06103385,횡성군_하수처리시설_둔내&횡성군_가축분뇨처리시설_횡성의 중심,462,3,0.15682120305749417,1.8906643772307723,2.0474855802882663
63,92,횡성군_하수처리시설_둔내,원주시_음식물류폐기물처리시설_강원바이오에너지㈜,41968.868,37.5075902,128.2132248,37.3862347,127.9012709,37.44691245,128.05724785,횡성군_하수처리시설_둔내&원주시_음식물류폐기물처리시설_강원바이오에너지㈜의 중심,360,2,0.11750858535504598,1.9076187377748681,2.0251273231299143
61,121,원주시_음식물류폐기물처리시설_샘골축산,홍천군_가축분뇨처리시설_홍천1,41804.951,37.461992,127.9313375,37.7071321,127.8371518,37.58456205,127.88424465,원주시_음식물류폐기물처리시설_샘골축산&홍천군_가축분뇨처리시설_홍천1의 중심,302,2,0.10305195524537498,1.9150985011320802,2.0181504563774553
62,122,원주시_음식물류폐기물처리시설_샘골축산,홍천군_가축분뇨처리시설_홍천2,41804.951,37.461992,127.9313375,37.7071321,127.8371518,37.58456205,127.88424465,원주시_음식물류폐기물처리시설_샘골축산&홍천군_가축분뇨처리시설_홍천2의 중심,302,2,0.10305195524537498,1.9150985011320802,2.0181504563774553
65,94,홍천군_하수처리시설_양덕원,원주시_하수찌꺼기처리시설_원주시 하수슬러지 처리시설,42778.11799999998,37.6218958,127.7636366,37.3907759,127.9387171,37.50633585,127.85117685,홍천군_하수처리시설_양덕원&원주시_하수찌꺼기처리시설_원주시 하수슬러지 처리시설의 중심,221,2,0.08286252354048965,1.8715315853773673,1.954394108917857
66,95,홍천군_하수처리시설_양덕원,원주시_가축분뇨처리시설_원주,43181.240000000005,37.6218958,127.7636366,37.3867893,127.9399831,37.50434255,127.85180985,홍천군_하수처리시설_양덕원&원주시_가축분뇨처리시설_원주의 중심,223,1,0.06947213913814113,1.854059749094747,1.9235318882328882
69,118,원주시_하수찌꺼기처리시설_원주시 하수슬러지 처리시설,홍천군_가축분뇨처리시설_홍천2,45478.917,37.3907759,127.9387171,37.7071321,127.8371518,37.548954,127.88793445,원주시_하수찌꺼기처리시설_원주시 하수슬러지 처리시설&홍천군_가축분뇨처리시설_홍천2의 중심,326,2,0.10903400908385953,1.7603893030258406,1.8694233121097001
70,117,원주시_하수찌꺼기처리시설_원주시 하수슬러지 처리시설,홍천군_가축분뇨처리시설_홍천1,45478.917,37.3907759,127.9387171,37.7071321,127.8371518,37.548954,127.88793445,원주시_하수찌꺼기처리시설_원주시 하수슬러지 처리시설&홍천군_가축분뇨처리시설_홍천1의 중심,326,2,0.10903400908385953,1.7603893030258406,1.8694233121097001
68,18,원주시_하수처리시설_원주,홍천군_가축분뇨처리시설_홍천1,45478.917,37.3907759,127.9387171,37.7071321,127.8371518,37.548954,127.88793445,원주시_하수처리시설_원주&홍천군_가축분뇨처리시설_홍천1의 중심,326,2,0.10903400908385953,1.7603893030258406,1.8694233121097001
67,19,원주시_하수처리시설_원주,홍천군_가축분뇨처리시설_홍천2,45478.917,37.3907759,127.9387171,37.7071321,127.8371518,37.548954,127.88793445,원주시_하수처리시설_원주&홍천군_가축분뇨처리시설_홍천2의 중심,326,2,0.10903400908385953,1.7603893030258406,1.8694233121097001
71,96,홍천군_하수처리시설_양덕원,원주시_음식물류폐기물처리시설_강원바이오에너지㈜,49552.543000000034,37.6218958,127.7636366,37.3862347,127.9012709,37.50406525,127.83245375,홍천군_하수처리시설_양덕원&원주시_음식물류폐기물처리시설_강원바이오에너지㈜의 중심,154,1,0.05227373435249806,1.6156708445820833,1.6679445789345815
72,124,원주시_음식물류폐기물처리시설_강원바이오에너지㈜,홍천군_가축분뇨처리시설_홍천2,51932.002,37.3862347,127.9012709,37.7071321,127.8371518,37.546683400000006,127.86921135,원주시_음식물류폐기물처리시설_강원바이오에너지㈜&홍천군_가축분뇨처리시설_홍천2의 중심,275,2,0.09632214467707988,1.5416428390340133,1.6379649837110932
73,123,원주시_음식물류폐기물처리시설_강원바이오에너지㈜,홍천군_가축분뇨처리시설_홍천1,51932.002,37.3862347,127.9012709,37.7071321,127.8371518,37.546683400000006,127.86921135,원주시_음식물류폐기물처리시설_강원바이오에너지㈜&홍천군_가축분뇨처리시설_홍천1의 중심,275,2,0.09632214467707988,1.5416428390340133,1.6379649837110932
74,31,원주시_하수처리시설_원주기업도시,홍천군_가축분뇨처리시설_홍천2,52647.863,37.3675803,127.8699086,37.7071321,127.8371518,37.537356200000005,127.8535302,원주시_하수처리시설_원주기업도시&홍천군_가축분뇨처리시설_홍천2의 중심,227,2,0.08435803700011077,1.5206808868956383,1.605038923895749
75,30,원주시_하수처리시설_원주기업도시,홍천군_가축분뇨처리시설_홍천1,52647.863,37.3675803,127.8699086,37.7071321,127.8371518,37.537356200000005,127.8535302,원주시_하수처리시설_원주기업도시&홍천군_가축분뇨처리시설_홍천1의 중심,227,2,0.08435803700011077,1.5206808868956383,1.605038923895749
76,59,원주시_하수처리시설_흥업,홍천군_가축분뇨처리시설_홍천1,53912.24200000001,37.343261,127.876826,37.7071321,127.8371518,37.52519655,127.8569889,원주시_하수처리시설_흥업&홍천군_가축분뇨처리시설_홍천1의 중심,249,2,0.08984158635205494,1.4850170579068116,1.5748586442588666
77,60,원주시_하수처리시설_흥업,홍천군_가축분뇨처리시설_홍천2,53912.24200000001,37.343261,127.876826,37.7071321,127.8371518,37.52519655,127.8569889,원주시_하수처리시설_흥업&홍천군_가축분뇨처리시설_홍천2의 중심,249,2,0.08984158635205494,1.4850170579068116,1.5748586442588666
78,125,횡성군_하수처리시설_둔내,홍천군_가축분뇨처리시설_홍천1,56989.01700000001,37.5075902,128.2132248,37.7071321,127.8371518,37.60736115,128.0251883,횡성군_하수처리시설_둔내&홍천군_가축분뇨처리시설_홍천1의 중심,300,0,0.07477567298105683,1.4048426032686272,1.4796182762496841
79,126,횡성군_하수처리시설_둔내,홍천군_가축분뇨처리시설_홍천2,56989.01700000001,37.5075902,128.2132248,37.7071321,127.8371518,37.60736115,128.0251883,횡성군_하수처리시설_둔내&홍천군_가축분뇨처리시설_홍천2의 중심,300,0,0.07477567298105683,1.4048426032686272,1.4796182762496841
80,128,횡성군_음식물류폐기물처리시설_횡성군 음식물 처리시설,횡성군_가축분뇨처리시설_횡성,61468.887,37.509564,127.9709321,37.4911904,127.9088429,37.5003772,127.9398875,횡성군_음식물류폐기물처리시설_횡성군 음식물 처리시설&횡성군_가축분뇨처리시설_횡성의 중심,514,2,0.15589343081865514,1.3024572740352376,1.4583507048538928
81,51,홍천군_하수처리시설_홍천,횡성군_음식물류폐기물처리시설_횡성군 음식물 처리시설,61731.41700000001,37.7062005,127.8354696,37.509564,127.9709321,37.60788225,127.90320085,홍천군_하수처리시설_홍천&횡성군_음식물류폐기물처리시설_횡성군 음식물 처리시설의 중심,319,2,0.10728924338096821,1.2969182126501333,1.4042074560311015
85,129,횡성군_음식물류폐기물처리시설_횡성군 음식물 처리시설,원주시_가축분뇨처리시설_원주,69599.96599999999,37.509564,127.9709321,37.3867893,127.9399831,37.44817664999999,127.9554576,횡성군_음식물류폐기물처리시설_횡성군 음식물 처리시설&원주시_가축분뇨처리시설_원주의 중심,402,4,0.1557549573501717,1.1502965245701424,1.3060514819203142
84,66,홍천군_하수처리시설_홍천,횡성군_가축분뇨처리시설_횡성,66944.179,37.7062005,127.8354696,37.4911904,127.9088429,37.59869545,127.87215625,홍천군_하수처리시설_홍천&횡성군_가축분뇨처리시설_횡성의 중심,259,1,0.07844521989586795,1.195930702204893,1.2743759221007611
82,53,원주시_하수처리시설_문막,홍천군_가축분뇨처리시설_홍천2,65915.12200000002,37.2738186,127.7900753,37.7071321,127.8371518,37.49047535,127.81361355,원주시_하수처리시설_문막&홍천군_가축분뇨처리시설_홍천2의 중심,100,0,0.024925224327018942,1.2146013929853614,1.2395266173123805
83,52,원주시_하수처리시설_문막,홍천군_가축분뇨처리시설_홍천1,65915.12200000002,37.2738186,127.7900753,37.7071321,127.8371518,37.49047535,127.81361355,원주시_하수처리시설_문막&홍천군_가축분뇨처리시설_홍천1의 중심,100,0,0.024925224327018942,1.2146013929853614,1.2395266173123805
86,67,홍천군_하수처리시설_홍천,원주시_음식물류폐기물처리시설_샘골축산,70736.14499999999,37.7062005,127.8354696,37.461992,127.9313375,37.58409625,127.88340355,홍천군_하수처리시설_홍천&원주시_음식물류폐기물처리시설_샘골축산의 중심,300,2,0.10255345075883461,1.1318202172312342,1.2343736679900688
87,68,홍천군_하수처리시설_홍천,원주시_하수찌꺼기처리시설_원주시 하수슬러지 처리시설,74672.136,37.7062005,127.8354696,37.3907759,127.9387171,37.5484882,127.88709335,홍천군_하수처리시설_홍천&원주시_하수찌꺼기처리시설_원주시 하수슬러지 처리시설의 중심,324,2,0.10853550459731916,1.072161629339223,1.1806971339365422
88,69,홍천군_하수처리시설_홍천,원주시_가축분뇨처리시설_원주,74845.06500000008,37.7062005,127.8354696,37.3867893,127.9399831,37.5464949,127.88772635,홍천군_하수처리시설_홍천&원주시_가축분뇨처리시설_원주의 중심,330,2,0.1100310180569403,1.069684407382103,1.1797154254390434
89,130,홍천군_하수처리시설_홍천,원주시_음식물류폐기물처리시설_강원바이오에너지㈜,80060.59900000006,37.7062005,127.8354696,37.3862347,127.9012709,37.546217600000006,127.86837025,홍천군_하수처리시설_홍천&원주시_음식물류폐기물처리시설_강원바이오에너지㈜의 중심,274,2,0.09607289243380968,1.0,1.0960728924338097
